Forex,MAE,EVR,order,n_b,n_c,frequency,N
ETHUSD_,9.066019502275251,58.436826982115626,3,3,2,W,59
