Forex,MAE,EVR,order,n_b,n_c,frequency,N
ETHUSD_,11.266175952734242,70.76871268997337,3,3,2,W,59
