Forex,MAE,EVR,order,n_b,n_c,frequency,N
ETHUSD_,10.858444339854481,69.60351723525127,3,3,2,W,59
