Forex,MAE,EVR,order,n_b,n_c,frequency,N
ETHUSD_,11.499359535457325,71.97910373712092,3,3,2,W,59
