Forex,MAE,EVR,order,n_b,n_c,frequency,N
ETHUSD_,11.172753284457423,70.89889746969133,3,3,2,W,59
