Forex,MAE,EVR,order,n_b,n_c,frequency,N
ETHUSD_,11.665565293825603,73.13123158077767,3,3,2,W,59
