Forex,MAE,EVR,order,n_b,n_c,frequency,N
BTCUSD_,4.573836034634163,180.40634612323421,5,6,5,D,59
