Forex,MAE,EVR,order,n_b,n_c,frequency,N
BTCUSD_,0.3540314725195402,13.977868569889631,2,2,3,D,59
