Forex,MAE,EVR,order,n_b,n_c,frequency,N
BTCUSD_,1.2233696642496235,47.721663119206276,1,1,1,D,59
