Forex,MAE,EVR,order,n_b,n_c,frequency,N
BTCUSD_,1.8862378816123024,72.9185666937455,5,6,6,D,119
