Forex,MAE,EVR,order,n_b,n_c,frequency,N
BTCUSD_,0.9274628132540751,36.22608405244711,1,1,1,D,59
