Forex,MAE,EVR,order,n_b,n_c,frequency,N
BTCUSD_,0.5009320382325444,19.733320136802263,1,6,5,D,59
