Forex,MAE,EVR,order,n_b,n_c,frequency,N
BTCUSD_,0.5448371241799493,21.587195093765914,2,4,3,D,59
