Forex,MAE,EVR,order,n_b,n_c,frequency,N
BTCUSD_,0.617775561809535,24.311874802834605,1,6,5,D,59
