Forex,MAE,EVR,order,n_b,n_c,frequency,N
BTCUSD_,0.3947208605990025,15.597762535364675,1,2,3,D,59
