Forex,MAE,EVR,order,n_b,n_c,frequency,N
BTCUSD_,21.888475838346746,117.86178135737829,6,6,4,M,179
