Forex,MAE,EVR,order,n_b,n_c,frequency,N
BTCUSD_,7.1795197173067855,88.09444809893766,1,1,6,W,119
