Forex,MAE,EVR,order,n_b,n_c,frequency,N
BTCUSD_,1.0890327773585011,42.73011467649326,3,1,2,D,59
