Forex,MAE,EVR,order,n_b,n_c,frequency,N
BTCUSD_,3.132687745997259,39.281398550519505,1,2,2,W,59
