Forex,MAE,EVR,order,n_b,n_c,frequency,N
BTCUSD_,0.36660177237411357,14.466065991281509,2,2,1,D,59
