Forex,MAE,EVR,order,n_b,n_c,frequency,N
BTCUSD_,0.451838543222666,17.889143939484075,2,4,3,D,59
