Forex,MAE,EVR,order,n_b,n_c,frequency,N
BTCUSD_,1.929746912871481,74.56418991844343,4,6,6,D,179
