Forex,MAE,EVR,order,n_b,n_c,frequency,N
BTCUSD_,0.5079317736900805,19.99905763424935,1,6,5,D,59
