Forex,MAE,EVR,order,n_b,n_c,frequency,N
BTCUSD_,1.9413481898312464,75.04903216925646,4,6,6,D,179
