Forex,MAE,EVR,order,n_b,n_c,frequency,N
BTCUSD_,21.503581278587106,113.9066510261052,4,4,6,M,89
