Forex,MAE,EVR,order,n_b,n_c,frequency,N
BTCUSD_,1.1096263590076505,43.55287233445207,3,4,4,D,59
