Forex,MAE,EVR,order,n_b,n_c,frequency,N
BTCUSD_,1.0040940735410502,39.35944987159232,3,1,2,D,59
