Forex,MAE,EVR,order,n_b,n_c,frequency,N
BTCUSD_,1.9720509322059927,76.19879024397437,4,6,6,D,119
