Forex,MAE,EVR,order,n_b,n_c,frequency,N
BTCUSD_,0.7166167101221168,28.050066401962724,4,5,6,D,59
