Forex,MAE,EVR,order,n_b,n_c,frequency,N
BTCUSD_,1.3788001969938628,54.69572631890188,2,5,1,D,59
