Forex,MAE,EVR,order,n_b,n_c,frequency,N
BTCUSD_,7.1818324980823185,88.12242559267379,1,1,6,W,179
