Forex,MAE,EVR,order,n_b,n_c,frequency,N
BTCUSD_,0.8139854803268517,31.873152062936136,2,3,2,D,59
