Forex,MAE,EVR,order,n_b,n_c,frequency,N
BTCUSD_,7.1795195362280495,88.09404511889417,1,1,6,W,119
