Forex,MAE,EVR,order,n_b,n_c,frequency,N
BTCUSD_,2.0501264483606225,79.25420415563595,1,4,1,D,89
