Forex,MAE,EVR,order,n_b,n_c,frequency,N
BTCUSD_,1.2795012112913808,50.74593704266667,4,5,5,D,59
