Forex,MAE,EVR,order,n_b,n_c,frequency,N
BTCUSD_,7.181832708722489,88.12282906455194,1,1,6,W,179
