Forex,MAE,EVR,order,n_b,n_c,frequency,N
BTCUSD_,0.4575532077388628,18.123004713690122,2,4,3,D,59
