Forex,MAE,EVR,order,n_b,n_c,frequency,N
BTCUSD_,1.0483651755125596,41.11821394982627,3,1,2,D,59
