Forex,MAE,EVR,order,n_b,n_c,frequency,N
BTCUSD_,0.5201609038341742,20.371326038200525,2,1,2,D,59
