Forex,MAE,EVR,order,n_b,n_c,frequency,N
BTCUSD_,1.0724518337956743,41.87286623964334,1,5,5,D,59
