Forex,MAE,EVR,order,n_b,n_c,frequency,N
BTCUSD_,0.6376234820061067,25.271145217086254,2,4,3,D,59
