Forex,MAE,EVR,order,n_b,n_c,frequency,N
XRPUSD_,10.329654899594983,65.31089466578382,1,1,1,W,59
