Forex,MAE,EVR,order,n_b,n_c,frequency,N
XRPUSD_,15.959178514737525,99.39265028264042,1,1,1,W,59
