Forex,MAE,EVR,order,n_b,n_c,frequency,N
XRPUSD_,14.390989540818623,89.63237338413491,1,1,1,W,59
