Forex,MAE,EVR,order,n_b,n_c,frequency,N
XRPUSD_,10.260120616808342,64.57506644497563,1,6,1,W,59
