Forex,MAE,EVR,order,n_b,n_c,frequency,N
XRPUSD_,10.218943046433354,64.47069598355043,1,1,1,W,59
