Forex,MAE,EVR,order,n_b,n_c,frequency,N
XAUUSD_,1.8200908275450487,46.83364336787986,6,6,6,M,179
