Forex,MAE,EVR,order,n_b,n_c,frequency,N
XAUUSD_,0.8020448960996309,43.68917560487444,2,4,2,W,89
