Forex,MAE,EVR,order,n_b,n_c,frequency,N
XAUUSD_,0.2438424466549354,43.187109275456876,3,3,6,D,119
