Forex,MAE,EVR,order,n_b,n_c,frequency,N
XAUUSD_,0.7792893487225757,42.44963015027971,2,5,2,W,119
