Forex,MAE,EVR,order,n_b,n_c,frequency,N
XAUUSD_,1.7685867044771066,45.50836569753805,3,5,3,M,59
