Forex,MAE,EVR,order,n_b,n_c,frequency,N
XAUUSD_,1.5096347117489053,39.212082582209945,6,6,5,M,59
