Forex,MAE,EVR,order,n_b,n_c,frequency,N
XAUUSD_,1.4639041050186565,37.66842936717244,4,1,4,M,119
