Forex,MAE,EVR,order,n_b,n_c,frequency,N
XAUUSD_,0.27024401583815405,47.86310998411413,6,2,5,D,89
