Forex,MAE,EVR,order,n_b,n_c,frequency,N
XAUUSD_,0.2692446108068681,47.68610464772303,3,4,4,D,179
