Forex,MAE,EVR,order,n_b,n_c,frequency,N
XAUUSD_,0.7737682150034019,42.14888167376922,2,3,2,W,179
