Forex,MAE,EVR,order,n_b,n_c,frequency,N
EOSUSD_,14.194061132046928,65.95861643894683,4,5,4,W,59
